Assessment,Check,Status,Severity,Description,Recommendation,Reference,Compliance Impact,Exploitable,MITRE ATT&CK,Exploitation Details
"Privileged Accounts Security Assessment","Domain Admin Count",FAILED,Critical,"Checks if the number of domain administrator accounts is within recommended limits","Limit the number of Domain Administrators to 2-4 carefully managed accounts","https://docs.microsoft.com/en-us/windows-server/identity/ad-ds/plan/security-best-practices/appendix-b--privileged-accounts-and-groups-in-active-directory","","No","",""
"Privileged Accounts Security Assessment","Dormant Admin Accounts",PASSED,High,"Checks for dormant administrator accounts that may pose a security risk","Disable or remove dormant administrator accounts that haven't been used within the last 60 days","https://docs.microsoft.com/en-us/windows-server/identity/ad-ds/plan/security-best-practices/monitoring-active-directory-for-signs-of-compromise","","No","",""
"Privileged Accounts Security Assessment","Service Account Privileges",PASSED,High,"Checks if service accounts have excessive privileges","Remove service accounts from privileged groups and implement managed service accounts or group managed service accounts","https://docs.microsoft.com/en-us/windows-server/security/group-managed-service-accounts/group-managed-service-accounts-overview","","No","",""
"Privileged Accounts Security Assessment","Nested Privileged Groups",PASSED,Medium,"Checks for nested group memberships in privileged groups which can obscure privilege paths","Remove nested groups from privileged groups to maintain clear privilege paths and reduce attack surface","https://docs.microsoft.com/en-us/windows-server/identity/ad-ds/plan/security-best-practices/appendix-c--protected-accounts-and-groups-in-active-directory","","No","",""
"Privileged Accounts Security Assessment","Protected Users Group Membership",PASSED,High,"Checks if privileged accounts are members of the Protected Users group","Add all privileged accounts to the Protected Users group to provide additional security protections","https://docs.microsoft.com/en-us/windows-server/security/credentials-protection-and-management/protected-users-security-group","","No","",""
"Privileged Accounts Security Assessment","Admin MFA Enforcement",PASSED,Critical,"Checks if multi-factor authentication is enforced for administrative accounts","Configure all administrative accounts to require multi-factor authentication","https://docs.microsoft.com/en-us/azure/active-directory/authentication/howto-mfa-getstarted","","No","",""
"Password Policy Security Assessment","Password Complexity",PASSED,High,"Checks if password complexity requirements are enforced in the domain password policy","Enable password complexity requirements in the domain policy to enhance password security","https://docs.microsoft.com/en-us/windows/security/threat-protection/security-policy-settings/password-must-meet-complexity-requirements","","No","",""
"Password Policy Security Assessment","Minimum Password Length",FAILED,High,"Checks if the minimum password length meets security recommendations","Configure minimum password length to at least 14 characters","https://docs.microsoft.com/en-us/windows/security/threat-protection/security-policy-settings/minimum-password-length","","No","",""
"Password Policy Security Assessment","Password History",PASSED,Medium,"Checks if password history requirements meet security recommendations","Configure password history to remember at least 24 previous passwords","https://docs.microsoft.com/en-us/windows/security/threat-protection/security-policy-settings/enforce-password-history","","No","",""
"Password Policy Security Assessment","Password Age",PASSED,Medium,"Checks if password age settings meet security recommendations","Configure minimum password age to at least 1.0 day and maximum password age to no more than 90.0 days","https://docs.microsoft.com/en-us/windows/security/threat-protection/security-policy-settings/maximum-password-age","","No","",""
"Password Policy Security Assessment","Account Lockout Settings",FAILED,High,"Checks if account lockout settings meet security recommendations","Configure account lockout threshold to 10 or fewer attempts"" lockout duration to at least 15 minutes"" and observation window to at least 15 minutes","https://docs.microsoft.com/en-us/windows/security/threat-protection/security-policy-settings/account-lockout-policy","","No","",""
"Password Policy Security Assessment","Fine-Grained Password Policies",FAILED,Informational,"Checks if fine-grained password policies are used for different security requirements","Consider implementing fine-grained password policies for different user groups"" especially for privileged accounts","https://docs.microsoft.com/en-us/windows/security/threat-protection/security-policy-settings/fine-grained-password-policies","","No","",""
"Password Policy Security Assessment","Reversible Encryption",PASSED,Critical,"Checks if passwords are stored with reversible encryption","Disable 'Store passwords using reversible encryption' in the domain password policy","https://docs.microsoft.com/en-us/windows/security/threat-protection/security-policy-settings/store-passwords-using-reversible-encryption","","No","",""
"Domain Controller Security Assessment","Domain Controller OS Versions",PASSED,Critical,"Checks if domain controllers are running supported operating system versions","Upgrade all domain controllers to Windows Server 2016 or newer","https://docs.microsoft.com/en-us/windows-server/get-started/windows-server-release-info","","No","",""
"Domain Controller Security Assessment","LDAP Security Configuration",PASSED,High,"Checks if LDAP signing and LDAPS are properly configured on domain controllers","Configure LDAP signing requirements to 'Require signing'"" enable LDAPS on all domain controllers"" and disable weak encryption types","https://docs.microsoft.com/en-us/windows/security/threat-protection/security-policy-settings/domain-controller-ldap-server-signing-requirements","","No","",""
"Domain Controller Security Assessment","SMB Signing Configuration",FAILED,High,"Checks if SMB signing is properly configured on domain controllers","Configure 'Microsoft network server: Digitally sign communications (always)' to 'Enabled' for all domain controllers","https://docs.microsoft.com/en-us/windows/security/threat-protection/security-policy-settings/microsoft-network-server-digitally-sign-communications-always","","No","",""
"Domain Controller Security Assessment","DNS Security Configuration",FAILED,Medium,"Partial check of DNS security settings via LDAP - full check requires direct DNS server access","Enable DNSSEC"" configure secure DNS updates"" and implement DNS logging on all domain controllers","https://docs.microsoft.com/en-us/windows-server/networking/dns/deploy/dnssec","","No","",""
"Domain Controller Security Assessment","FSMO Roles Configuration",PASSED,Medium,"Checks if FSMO roles are properly configured and distributed","Ensure FSMO roles are assigned to properly secured domain controllers. For smaller environments"" consolidate roles on 1-2 DCs; for larger environments"" consider distributing roles according to a designed topology.","https://docs.microsoft.com/en-us/windows-server/identity/ad-ds/plan/planning-operations-master-role-placement","","No","",""
"Trust Relationships Security Assessment","Trust Relationship Inventory",PASSED,Informational,"Creates an inventory of all trust relationships in the Active Directory environment","Review all trust relationships regularly and remove any that are not necessary","https://docs.microsoft.com/en-us/windows-server/identity/ad-ds/manage/understanding-trust-relationships","","No","",""
"Trust Relationships Security Assessment","SID Filtering on External Trusts",PASSED,High,"Checks if SID filtering is enabled on external trusts to prevent SID history attacks","Enable SID filtering on all external trusts to prevent SID history attacks","https://docs.microsoft.com/en-us/windows-server/identity/ad-ds/manage/security-considerations-for-trusts","","No","",""
"Trust Relationships Security Assessment","Transitive Trust Relationships",PASSED,Medium,"Checks for transitive trust relationships that could pose security risks","Review all transitive trusts and consider making them non-transitive where appropriate","https://docs.microsoft.com/en-us/windows-server/identity/ad-ds/manage/forest-design-models","","No","",""
"Trust Relationships Security Assessment","External Trust Security",PASSED,High,"Checks for external trusts and evaluates their security configuration","Configure all external trusts to be non-transitive and enable selective authentication","https://docs.microsoft.com/en-us/windows-server/identity/ad-ds/manage/security-considerations-for-trusts","","No","",""
"Trust Relationships Security Assessment","Forest Trust Security",PASSED,High,"Checks for forest trusts and evaluates their security configuration","Enable selective authentication and maintain SID filtering on all forest trusts","https://docs.microsoft.com/en-us/windows-server/identity/ad-ds/manage/forest-design-models","","No","",""
"Authentication Protocols Security Assessment","NTLM Restriction",FAILED,High,"Checks if NTLM authentication is restricted in the domain","Configure NTLM restriction policies to limit legacy authentication protocols","https://docs.microsoft.com/en-us/windows/security/threat-protection/security-policy-settings/network-security-restrict-ntlm-ntlm-authentication-in-this-domain","","No","",""
"Authentication Protocols Security Assessment","LDAP Channel Binding and Signing",FAILED,Critical,"Checks if LDAP channel binding and LDAP signing are enforced","Enable LDAP channel binding and LDAP signing to prevent NTLM relay attacks","https://support.microsoft.com/en-us/topic/2020-ldap-channel-binding-and-ldap-signing-requirements-for-windows-ef185fb8-00f7-167d-744c-f299a66fc00a","","No","",""
"Authentication Protocols Security Assessment","Kerberos Encryption Configuration",PASSED,High,"Checks if secure Kerberos encryption types are configured","Configure Kerberos to use only strong encryption types (AES) and disable weak encryption types (DES"" RC4)","https://docs.microsoft.com/en-us/windows-server/security/kerberos/kerberos-authentication-overview","","No","",""
"Authentication Protocols Security Assessment","Windows Defender Credential Guard",FAILED,High,"Checks if Windows Defender Credential Guard is configured","Enable Windows Defender Credential Guard to protect credentials from theft","https://docs.microsoft.com/en-us/windows/security/identity-protection/credential-guard/credential-guard","","No","",""
"Authentication Protocols Security Assessment","Local Administrator Password Solution (LAPS)",FAILED,High,"Checks if LAPS is implemented to manage local administrator passwords","Implement LAPS to securely manage and rotate local administrator passwords","https://docs.microsoft.com/en-us/defender-for-identity/security-assessment-laps","","No","",""
"Authentication Protocols Security Assessment","Kerberos Delegation Security",FAILED,Critical,"Checks for insecure Kerberos delegation configurations","Replace unconstrained delegation with constrained delegation and protect sensitive accounts from delegation","https://docs.microsoft.com/en-us/windows-server/security/kerberos/kerberos-constrained-delegation-overview","","No","",""
"Tiered Administration Model Assessment","Administrative Tier Separation",PASSED,Critical,"Checks if administrative tiers are properly implemented and separated","Implement proper tiered administration model with clear separation between tiers","https://docs.microsoft.com/en-us/security/compass/privileged-access-access-model","","No","",""
"Tiered Administration Model Assessment","Privileged Access Workstations (PAWs)",FAILED,High,"Checks if Privileged Access Workstations are implemented for administrative tasks","Implement Privileged Access Workstations for administrative activities"" especially for Tier 0 administrators","https://docs.microsoft.com/en-us/security/compass/privileged-access-devices","","No","",""
"Tiered Administration Model Assessment","Tier 0 Asset Security",PASSED,Critical,"Checks security of Tier 0 assets and accounts","Implement enhanced security controls for all Tier 0 assets and accounts","https://docs.microsoft.com/en-us/security/compass/privileged-access-security-baselines","","No","",""
"Tiered Administration Model Assessment","Lateral Movement Paths",FAILED,High,"Checks for potential lateral movement paths between administrative tiers","Analyze and eliminate lateral movement paths between tiers by implementing proper network segmentation and JIT administration","https://docs.microsoft.com/en-us/security/compass/privileged-access-access-model","","No","",""
"Tiered Administration Model Assessment","Just-In-Time Administration",FAILED,Medium,"Checks if just-in-time (JIT) administration is implemented","Implement just-in-time administration to minimize standing privileges and reduce attack surface","https://docs.microsoft.com/en-us/security/compass/privileged-access-deployment","","No","",""
"Active Directory Certificate Services Security Assessment","Certificate Authority Discovery",PASSED,Informational,"Discovers Certificate Authorities in the Active Directory environment","Document all Certificate Authorities and ensure they are properly secured","https://docs.microsoft.com/en-us/windows/security/threat-protection/security-policy-settings/network-security-certificate-services-client-authentication","","No","",""
"Active Directory Certificate Services Security Assessment","Vulnerable Certificate Templates",FAILED,Critical,"Checks for vulnerable certificate templates that could be exploited for privilege escalation","Disable or secure vulnerable certificate templates that could allow privilege escalation","https://posts.specterops.io/certified-pre-owned-d95910965cd2","","No","",""
"Active Directory Certificate Services Security Assessment","Certificate Enrollment Permissions",FAILED,High,"Checks certificate enrollment permissions for overly permissive settings","Review and restrict certificate enrollment permissions to prevent unauthorized certificate issuance","https://learn.microsoft.com/en-us/windows/security/identity-protection/access-control/access-control","","No","",""
"Active Directory Certificate Services Security Assessment","Insecure Cryptographic Settings",FAILED,High,"Checks for insecure cryptographic settings in Active Directory Certificate Services","Configure strong cryptographic settings on all Certificate Authorities","https://docs.microsoft.com/en-us/windows/security/threat-protection/security-policy-settings/system-cryptography-use-fips-compliant-algorithms-for-encryption-hashing-and-signing","","No","",""
"Active Directory Certificate Services Security Assessment","CA Server Security",FAILED,Critical,"Checks security settings on Certificate Authority servers","Implement comprehensive security controls for all Certificate Authority servers","https://docs.microsoft.com/en-us/previous-versions/windows/it-pro/windows-server-2012-r2-and-2012/dn786426(v=ws.11)","","No","",""
"Group Policy Security Assessment","Default Domain Policy",FAILED,High,"Checks if the Default Domain Policy follows security best practices","Create dedicated GPOs for specific policy areas rather than overloading the Default Domain Policy.","https://docs.microsoft.com/en-us/windows-server/identity/ad-ds/plan/security-best-practices/implementing-secure-administrative-hosts","","No","",""
"Group Policy Security Assessment","Password Policy GPO",FAILED,High,"Checks for dedicated password policy GPOs and their security settings","Create a dedicated Password Policy GPO with strong password requirements and separate it from the Default Domain Policy.","https://docs.microsoft.com/en-us/windows/security/threat-protection/security-policy-settings/password-policy","","No","",""
"Group Policy Security Assessment","Privileged Access Management GPOs",FAILED,Critical,"Checks for GPOs related to privileged access management","Implement comprehensive privileged access management GPOs that enforce the tiered administration model.","https://docs.microsoft.com/en-us/windows-server/identity/securing-privileged-access/securing-privileged-access-reference-material","","No","",""
"Group Policy Security Assessment","Audit Policy Configuration",PASSED,High,"Checks if audit policies are properly configured in GPOs","Configure advanced audit policies to log both success and failure events for critical security actions.","https://docs.microsoft.com/en-us/windows/security/threat-protection/auditing/advanced-security-audit-policy-settings","","No","",""
"Group Policy Security Assessment","User Rights Assignment",FAILED,Critical,"Checks if user rights are assigned according to the principle of least privilege","Restrict privileged rights to the minimum necessary accounts and implement separation of duties.","https://docs.microsoft.com/en-us/windows/security/threat-protection/security-policy-settings/user-rights-assignment","","No","",""
"Group Policy Security Assessment","Security Options Configuration",FAILED,High,"Checks if security options in GPOs follow security best practices","Configure security options according to security best practices"" focusing on authentication"" encryption"" and protocol security.","https://docs.microsoft.com/en-us/windows/security/threat-protection/security-policy-settings/security-options","","No","",""
"Group Policy Security Assessment","WMI Filtering Usage",PASSED,Medium,"Checks if WMI filtering is effectively used for GPO targeting","Use WMI filters to apply GPOs only to systems that need them"" improving security and reducing GPO processing overhead.","https://docs.microsoft.com/en-us/troubleshoot/windows-server/group-policy/use-wmi-filters","","No","",""
"Group Policy Security Assessment","Empty GPOs",FAILED,Low,"Checks for empty or unused GPOs that should be removed","Remove empty GPOs and unlink GPOs that have no settings to maintain a clean and manageable Group Policy environment.","https://docs.microsoft.com/en-us/windows-server/identity/ad-ds/manage/component-updates/group-policy--management-enhancements","","No","",""
"Group Policy Security Assessment","GPO Permissions",FAILED,High,"Checks if GPO permissions follow security best practices","Restrict GPO permissions following the principle of least privilege and ensure proper delegation of GPO management.","https://docs.microsoft.com/en-us/windows-server/identity/ad-ds/plan/security-best-practices/securing-domain-controllers-against-attack#secure-domain-controller-policy-settings","NIST SP 800-53: AC-2""AC-3""AC-6; CIS: 5.1""5.2; ISO 27001: A.9.2.3""A.9.4.1","No","",""
"Privileged Access Management Assessment","Privileged Access Management Solution",FAILED,High,"Checks if a comprehensive PAM solution is implemented","Implement a comprehensive Privileged Access Management solution that includes just-in-time administration"" credential vaulting"" and session monitoring.","https://docs.microsoft.com/en-us/security/compass/privileged-access-access-model","NIST SP 800-53: AC-2(7)""AC-3(7)""AC-6(1)""AC-6(2); CIS: 4.1""4.3""4.5""16.3; ISO 27001: A.9.2.3""A.9.4.1""A.9.4.4","No","",""
"Privileged Access Management Assessment","Privileged Access Workstations",FAILED,Critical,"Checks if Privileged Access Workstations (PAWs) are implemented for administrative activities","Implement dedicated Privileged Access Workstations for all administrative activities to protect privileged credentials from theft and misuse.","https://docs.microsoft.com/en-us/security/compass/privileged-access-devices","NIST SP 800-53: AC-2(1)""AC-3""AC-6(5); CIS: 4.3""16.3; ISO 27001: A.6.2.1""A.6.2.2""A.9.4.1","No","",""
"Privileged Access Management Assessment","Just-In-Time Privileged Access",FAILED,High,"Checks if just-in-time (JIT) privileged access is implemented for administrative roles","Implement just-in-time privileged access to eliminate standing privileges and reduce the attack surface for privileged account compromise.","https://docs.microsoft.com/en-us/security/compass/privileged-access-access-model#ad-ds-and-azure-ad-admin-tier-model","NIST SP 800-53: AC-2(7)""AC-2(11)""AC-6(1); CIS: 4.3""4.5; ISO 27001: A.9.2.3""A.9.2.5""A.9.4.4","No","",""
"Privileged Access Management Assessment","Dedicated Administrative Forest",FAILED,Medium,"Checks if a dedicated administrative forest is implemented for enhanced security isolation","Consider implementing a dedicated administrative forest for enhanced security of privileged identities"" especially in larger enterprise environments.","https://docs.microsoft.com/en-us/security/compass/esae-retirement","NIST SP 800-53: AC-3(3)""SC-7(13); CIS: 16.11; ISO 27001: A.13.1.3""A.14.1.2","No","",""
"Privileged Access Management Assessment","Credential Guard Implementation",FAILED,High,"Checks if Windows Defender Credential Guard is enabled for administrative workstations","Enable Windows Defender Credential Guard on all administrative workstations to protect credentials from theft techniques.","https://docs.microsoft.com/en-us/windows/security/identity-protection/credential-guard/credential-guard","NIST SP 800-53: AC-3""AC-6""SC-28; CIS: 16.9""16.11; ISO 27001: A.8.2.3""A.9.4.3","No","",""
"Privileged Access Management Assessment","Pass-the-Hash Mitigations",FAILED,Critical,"Checks if mitigations against Pass-the-Hash attacks are implemented","Implement comprehensive mitigations against credential theft attacks"" including LSASS protection"" LAPS"" and Credential Guard.","https://docs.microsoft.com/en-us/windows-server/security/credentials-protection-and-management/securing-credentials","NIST SP 800-53: AC-3""IA-5""SC-28; CIS: 16.7""16.10; ISO 27001: A.9.2.4""A.9.4.3","No","T1003.001; T1550.002",""
"Privileged Access Management Assessment","Protected Users Group Membership",FAILED,High,"Checks if privileged accounts are members of the Protected Users group","Add all privileged accounts to the Protected Users group to prevent the use of NTLM"" unconstrained Kerberos delegation"" and other vulnerable authentication mechanisms.","https://docs.microsoft.com/en-us/windows-server/security/credentials-protection-and-management/protected-users-security-group","NIST SP 800-53: AC-2(7)""AC-3""IA-5(1); CIS: 16.6""4.3; ISO 27001: A.9.2.3""A.9.4.2""A.9.4.3","No","",""
"Compliance and Regulatory Assessment","NIST SP 800-53 Compliance",FAILED,High,"Evaluates compliance with NIST SP 800-53 security controls","Address non-compliant controls"" focusing on account management"" access control"" and secure communications.","https://csrc.nist.gov/publications/detail/sp/800-53/rev-5/final","","No","",""
"Compliance and Regulatory Assessment","CIS Controls Compliance",FAILED,High,"Evaluates compliance with CIS Controls","Address non-compliant controls"" focusing on account management"" authentication"" and access control.","https://www.cisecurity.org/controls/","","No","",""
"Compliance and Regulatory Assessment","ISO 27001 Compliance",FAILED,High,"Evaluates compliance with ISO 27001 controls","Address non-compliant controls"" focusing on access control"" authentication"" and password management.","https://www.iso.org/isoiec-27001-information-security.html","","No","",""
"Compliance and Regulatory Assessment","PCI DSS Compliance",FAILED,High,"Evaluates compliance with PCI DSS requirements","Address non-compliant requirements"" focusing on account management"" access control"" and cryptography.","https://www.pcisecuritystandards.org/document_library/","","No","",""
"Compliance and Regulatory Assessment","HIPAA Security Rule Compliance",FAILED,High,"Evaluates compliance with HIPAA Security Rule requirements","Address non-compliant requirements"" focusing on access control"" authentication"" and data protection.","https://www.hhs.gov/hipaa/for-professionals/security/laws-regulations/index.html","","No","",""
"Compliance and Regulatory Assessment","Compliance Gap Analysis",FAILED,Medium,"Analyzes gaps across multiple compliance frameworks","Develop a unified compliance approach addressing common gaps across all frameworks.","https://csrc.nist.gov/projects/risk-management/sp800-53-controls/mapping-documents","","No","",""